{
  "variants": {
    "axis=x": [
      {"model": "block/blockstates_random/basalt_1",
      "x": 90,
      "y": 90, "weight": 1 },
	  {"model": "block/blockstates_random/basalt_2",
      "x": 90,
      "y": 90, "weight": 1 }
    ],
	
	
    "axis=y": [
      {"model": "block/blockstates_random/basalt_1", "weight": 1 },
	  {"model": "block/blockstates_random/basalt_2", "weight": 1 }
    ],
	
    "axis=z": [
      {"model": "block/blockstates_random/basalt_1",
      "x": 90, "weight": 1 },
	  {"model": "block/blockstates_random/basalt_2",
      "x": 90, "weight": 1 }
    ]
  }
}